Date,User,Product,Link,City
21 ديسمبر 2023 | 09:43 صباحاً,ma-0100*******,236d34393937,https://marketlii.com/dashboard/product/236d34393937,الشرقية
21 ديسمبر 2023 | 09:36 صباحاً,ma-0100*******,236d35313936,https://marketlii.com/dashboard/product/236d35313936,بورسعيد
21 ديسمبر 2023 | 09:30 صباحاً,ma-0101*******,236d34393233,https://marketlii.com/dashboard/product/236d34393233,القاهرة
21 ديسمبر 2023 | 09:30 صباحاً,ma-0100*******,236d35313936,https://marketlii.com/dashboard/product/236d35313936,البحيرة
21 ديسمبر 2023 | 09:30 صباحاً,ma-0109*******,236d35323033,https://marketlii.com/dashboard/product/236d35323033,الجيزة
21 ديسمبر 2023 | 09:24 صباحاً,ma-0106*******,236d34393538,https://marketlii.com/dashboard/product/236d34393538,الشرقية
21 ديسمبر 2023 | 09:13 صباحاً,ma-0109*******,236d34393030,https://marketlii.com/dashboard/product/236d34393030,اسيوط
21 ديسمبر 2023 | 08:50 صباحاً,ma-0101*******,236d35303137,https://marketlii.com/dashboard/product/236d35303137,الاسكندرية
21 ديسمبر 2023 | 08:31 صباحاً,ma-106*******,236d34393835,https://marketlii.com/dashboard/product/236d34393835,الاسكندرية
21 ديسمبر 2023 | 08:26 صباحاً,ma-0102*******,236d35313936,https://marketlii.com/dashboard/product/236d35313936,الجيزة
21 ديسمبر 2023 | 08:21 صباحاً,ma-0103*******,236d35313936,https://marketlii.com/dashboard/product/236d35313936,الشرقية
21 ديسمبر 2023 | 08:13 صباحاً,ma***,236d35303933,https://marketlii.com/dashboard/product/236d35303933,الجيزة
21 ديسمبر 2023 | 08:11 صباحاً,ma***,236d35303933,https://marketlii.com/dashboard/product/236d35303933,سوهاج
21 ديسمبر 2023 | 08:09 صباحاً,ma-0115*******,236d35313935,https://marketlii.com/dashboard/product/236d35313935,الدقهلية
21 ديسمبر 2023 | 08:02 صباحاً,ma***,236d35303933,https://marketlii.com/dashboard/product/236d35303933,الاسكندرية
21 ديسمبر 2023 | 08:00 صباحاً,ma***,236d35303933,https://marketlii.com/dashboard/product/236d35303933,القاهرة
21 ديسمبر 2023 | 07:29 صباحاً,ma-0109*******,236d35313339,https://marketlii.com/dashboard/product/236d35313339,الدقهلية
21 ديسمبر 2023 | 07:18 صباحاً,ma-0112*******,236d35313734,https://marketlii.com/dashboard/product/236d35313734,الغربية
21 ديسمبر 2023 | 07:15 صباحاً,ma-0127*******,236d34383636,https://marketlii.com/dashboard/product/236d34383636,كفر الشيخ
21 ديسمبر 2023 | 07:13 صباحاً,ma-0155*******,236d35303239,https://marketlii.com/dashboard/product/236d35303239,القاهرة
21 ديسمبر 2023 | 07:08 صباحاً,ma-0155*******,236d35313035,https://marketlii.com/dashboard/product/236d35313035,الاسكندرية
21 ديسمبر 2023 | 06:53 صباحاً,ma-0109*******,236d35313339,https://marketlii.com/dashboard/product/236d35313339,الاسكندرية
21 ديسمبر 2023 | 06:49 صباحاً,ma-0106*******,236d34393638,https://marketlii.com/dashboard/product/236d34393638,الاسكندرية
21 ديسمبر 2023 | 06:48 صباحاً,ma-0109*******,236d34383438,https://marketlii.com/dashboard/product/236d34383438,الاسكندرية
21 ديسمبر 2023 | 06:48 صباحاً,ma-0109*******,236d34383438,https://marketlii.com/dashboard/product/236d34383438,الاسكندرية
21 ديسمبر 2023 | 06:35 صباحاً,ma-0112*******,236d34313939,https://marketlii.com/dashboard/product/236d34313939,الاسكندرية
21 ديسمبر 2023 | 06:33 صباحاً,ma-0109*******,236d34383438,https://marketlii.com/dashboard/product/236d34383438,القاهرة
21 ديسمبر 2023 | 06:14 صباحاً,ma-0127*******,236d35313936,https://marketlii.com/dashboard/product/236d35313936,الاسكندرية
21 ديسمبر 2023 | 06:09 صباحاً,ma-0109*******,236d35313937,https://marketlii.com/dashboard/product/236d35313937,القاهرة
21 ديسمبر 2023 | 06:07 صباحاً,ma-0109*******,236d35323132,https://marketlii.com/dashboard/product/236d35323132,الاسكندرية
21 ديسمبر 2023 | 06:06 صباحاً,ma-0109*******,236d35323132,https://marketlii.com/dashboard/product/236d35323132,الجيزة
21 ديسمبر 2023 | 06:06 صباحاً,ma-0109*******,236d35323132,https://marketlii.com/dashboard/product/236d35323132,الدقهلية
21 ديسمبر 2023 | 06:05 صباحاً,ma-0109*******,236d35323132,https://marketlii.com/dashboard/product/236d35323132,الدقهلية
21 ديسمبر 2023 | 06:05 صباحاً,ma-0109*******,236d35323132,https://marketlii.com/dashboard/product/236d35323132,الدقهلية
21 ديسمبر 2023 | 05:52 صباحاً,ma-0106*******,236d34393638,https://marketlii.com/dashboard/product/236d34393638,البحيرة
21 ديسمبر 2023 | 05:43 صباحاً,ma-0106*******,236d34393337,https://marketlii.com/dashboard/product/236d34393337,الاسكندرية
21 ديسمبر 2023 | 05:37 صباحاً,ma-0100*******,236d34393238,https://marketlii.com/dashboard/product/236d34393238,سوهاج
21 ديسمبر 2023 | 05:28 صباحاً,ma-0120*******,236d35303534,https://marketlii.com/dashboard/product/236d35303534,الجيزة
21 ديسمبر 2023 | 05:16 صباحاً,ma-0109*******,236d35313937,https://marketlii.com/dashboard/product/236d35313937,الفيوم
21 ديسمبر 2023 | 05:15 صباحاً,ma-0120*******,236d34393030,https://marketlii.com/dashboard/product/236d34393030,القليوبية
21 ديسمبر 2023 | 05:15 صباحاً,ma-0120*******,236d34393030,https://marketlii.com/dashboard/product/236d34393030,القليوبية
21 ديسمبر 2023 | 05:07 صباحاً,bou***,236d34393638,https://marketlii.com/dashboard/product/236d34393638,القاهرة
21 ديسمبر 2023 | 04:51 صباحاً,ma-0109*******,236d35313936,https://marketlii.com/dashboard/product/236d35313936,سوهاج
21 ديسمبر 2023 | 04:39 صباحاً,omarsa******,236d35303239,https://marketlii.com/dashboard/product/236d35303239,القاهرة
21 ديسمبر 2023 | 04:30 صباحاً,ma-0100*******,236d35303835,https://marketlii.com/dashboard/product/236d35303835,القاهرة
21 ديسمبر 2023 | 04:26 صباحاً,ma-0115*******,236d35303832,https://marketlii.com/dashboard/product/236d35303832,سوهاج
21 ديسمبر 2023 | 04:25 صباحاً,ma-106*******,236d34393835,https://marketlii.com/dashboard/product/236d34393835,الاسكندرية
21 ديسمبر 2023 | 04:20 صباحاً,ma-0109*******,236d35303832,https://marketlii.com/dashboard/product/236d35303832,بورسعيد
21 ديسمبر 2023 | 04:19 صباحاً,ma-0115*******,236d35313339,https://marketlii.com/dashboard/product/236d35313339,سوهاج
21 ديسمبر 2023 | 04:19 صباحاً,ma-0115*******,236d35313339,https://marketlii.com/dashboard/product/236d35313339,سوهاج
21 ديسمبر 2023 | 03:54 صباحاً,ma-0122*******,236d35313732,https://marketlii.com/dashboard/product/236d35313732,سوهاج
21 ديسمبر 2023 | 03:46 صباحاً,ma-0100*******,236d35303835,https://marketlii.com/dashboard/product/236d35303835,القاهرة
21 ديسمبر 2023 | 03:43 صباحاً,ma-0109*******,236d34393835,https://marketlii.com/dashboard/product/236d34393835,القليوبية
21 ديسمبر 2023 | 03:32 صباحاً,ma-0102*******,236d35303039,https://marketlii.com/dashboard/product/236d35303039,الجيزة
21 ديسمبر 2023 | 03:32 صباحاً,ma-0102*******,236d35303039,https://marketlii.com/dashboard/product/236d35303039,الجيزة
21 ديسمبر 2023 | 03:32 صباحاً,ma-0114*******,236d34353938,https://marketlii.com/dashboard/product/236d34353938,الجيزة
21 ديسمبر 2023 | 03:25 صباحاً,ma-0110*******,236d35313331,https://marketlii.com/dashboard/product/236d35313331,قنا
21 ديسمبر 2023 | 03:24 صباحاً,ma-0112*******,236d34393337,https://marketlii.com/dashboard/product/236d34393337,القاهرة
21 ديسمبر 2023 | 03:22 صباحاً,ma-0109*******,236d34393835,https://marketlii.com/dashboard/product/236d34393835,الشرقية
21 ديسمبر 2023 | 03:21 صباحاً,ma-0100*******,236d35303435,https://marketlii.com/dashboard/product/236d35303435,القاهرة
21 ديسمبر 2023 | 03:21 صباحاً,ma-106*******,236d34393835,https://marketlii.com/dashboard/product/236d34393835,الجيزة
21 ديسمبر 2023 | 03:20 صباحاً,ma-0110*******,236d35313331,https://marketlii.com/dashboard/product/236d35313331,القاهرة
21 ديسمبر 2023 | 03:20 صباحاً,ma-0100*******,236d35303435,https://marketlii.com/dashboard/product/236d35303435,الوادي الجديد
21 ديسمبر 2023 | 03:20 صباحاً,ma-0100*******,236d35303435,https://marketlii.com/dashboard/product/236d35303435,الوادي الجديد
21 ديسمبر 2023 | 03:20 صباحاً,ma-0100*******,236d35303435,https://marketlii.com/dashboard/product/236d35303435,القاهرة
21 ديسمبر 2023 | 03:19 صباحاً,ma-0112*******,236d34393337,https://marketlii.com/dashboard/product/236d34393337,القاهرة
21 ديسمبر 2023 | 03:19 صباحاً,ma-0100*******,236d35303435,https://marketlii.com/dashboard/product/236d35303435,القاهرة
21 ديسمبر 2023 | 03:18 صباحاً,ma-0100*******,236d35303435,https://marketlii.com/dashboard/product/236d35303435,القليوبية
21 ديسمبر 2023 | 03:18 صباحاً,ma-106*******,236d34393835,https://marketlii.com/dashboard/product/236d34393835,القاهرة
21 ديسمبر 2023 | 03:18 صباحاً,ma-0112*******,236d34393337,https://marketlii.com/dashboard/product/236d34393337,القليوبية
21 ديسمبر 2023 | 03:18 صباحاً,ma-0100*******,236d35303435,https://marketlii.com/dashboard/product/236d35303435,قنا
21 ديسمبر 2023 | 03:17 صباحاً,ma-0100*******,236d35303435,https://marketlii.com/dashboard/product/236d35303435,القاهرة
21 ديسمبر 2023 | 03:17 صباحاً,ma-0112*******,236d34393337,https://marketlii.com/dashboard/product/236d34393337,السويس
21 ديسمبر 2023 | 03:16 صباحاً,ma-0100*******,236d35303435,https://marketlii.com/dashboard/product/236d35303435,المنيا
21 ديسمبر 2023 | 03:15 صباحاً,ma-0114*******,236d35303137,https://marketlii.com/dashboard/product/236d35303137,الغربية
21 ديسمبر 2023 | 03:15 صباحاً,ma-0112*******,236d34393337,https://marketlii.com/dashboard/product/236d34393337,القاهرة
21 ديسمبر 2023 | 03:12 صباحاً,ma-106*******,236d34393835,https://marketlii.com/dashboard/product/236d34393835,الدقهلية
21 ديسمبر 2023 | 03:12 صباحاً,ma-0112*******,236d34393337,https://marketlii.com/dashboard/product/236d34393337,القاهرة
21 ديسمبر 2023 | 03:11 صباحاً,ma-0112*******,236d34393337,https://marketlii.com/dashboard/product/236d34393337,شمال سينا
21 ديسمبر 2023 | 03:09 صباحاً,ma-0112*******,236d34393337,https://marketlii.com/dashboard/product/236d34393337,القليوبية
21 ديسمبر 2023 | 03:08 صباحاً,ma-0120*******,236d34383635,https://marketlii.com/dashboard/product/236d34383635,القاهرة
21 ديسمبر 2023 | 03:07 صباحاً,ma-0112*******,236d34393337,https://marketlii.com/dashboard/product/236d34393337,الشرقية
21 ديسمبر 2023 | 03:06 صباحاً,ahmed*****,236d35313331,https://marketlii.com/dashboard/product/236d35313331,القاهرة
21 ديسمبر 2023 | 03:06 صباحاً,ma-0112*******,236d34393337,https://marketlii.com/dashboard/product/236d34393337,القليوبية
21 ديسمبر 2023 | 03:00 صباحاً,ma-0114*******,236d35303137,https://marketlii.com/dashboard/product/236d35303137,القاهرة
21 ديسمبر 2023 | 03:00 صباحاً,ma-0106*******,236d35313937,https://marketlii.com/dashboard/product/236d35313937,القاهرة
21 ديسمبر 2023 | 02:58 صباحاً,ma-0102*******,236d34383433,https://marketlii.com/dashboard/product/236d34383433,القاهرة
21 ديسمبر 2023 | 02:58 صباحاً,ma-0111*******,236d32303538,https://marketlii.com/dashboard/product/236d32303538,المنوفية
21 ديسمبر 2023 | 02:57 صباحاً,ma-0106*******,236d34393835,https://marketlii.com/dashboard/product/236d34393835,القاهرة
21 ديسمبر 2023 | 02:56 صباحاً,ma-0102*******,236d34383433,https://marketlii.com/dashboard/product/236d34383433,القاهرة
21 ديسمبر 2023 | 02:55 صباحاً,ma-0112*******,236d34393337,https://marketlii.com/dashboard/product/236d34393337,القاهرة
21 ديسمبر 2023 | 02:55 صباحاً,ma-0102*******,236d34383433,https://marketlii.com/dashboard/product/236d34383433,القاهرة
21 ديسمبر 2023 | 02:53 صباحاً,ma-0102*******,236d34383433,https://marketlii.com/dashboard/product/236d34383433,القاهرة
21 ديسمبر 2023 | 02:52 صباحاً,ma-0120*******,236d34393030,https://marketlii.com/dashboard/product/236d34393030,بني سويف
21 ديسمبر 2023 | 02:51 صباحاً,ma-0111*******,236d34383638,https://marketlii.com/dashboard/product/236d34383638,الفيوم
21 ديسمبر 2023 | 02:49 صباحاً,ma-111*******,236d35303539,https://marketlii.com/dashboard/product/236d35303539,الغربية
21 ديسمبر 2023 | 02:48 صباحاً,ma-0120*******,236d35313339,https://marketlii.com/dashboard/product/236d35313339,المنوفية
21 ديسمبر 2023 | 02:44 صباحاً,ma-0101*******,236d34383638,https://marketlii.com/dashboard/product/236d34383638,الجيزة
21 ديسمبر 2023 | 02:44 صباحاً,ma-0102*******,236d34393233,https://marketlii.com/dashboard/product/236d34393233,البحيرة
21 ديسمبر 2023 | 02:44 صباحاً,ma-0106*******,236d34383438,https://marketlii.com/dashboard/product/236d34383438,دمياط
21 ديسمبر 2023 | 02:39 صباحاً,ma-0111*******,236d32303536,https://marketlii.com/dashboard/product/236d32303536,المنوفية
21 ديسمبر 2023 | 02:36 صباحاً,ma-0101*******,236d35323033,https://marketlii.com/dashboard/product/236d35323033,اسيوط
21 ديسمبر 2023 | 02:31 صباحاً,ma-0112*******,236d35303638,https://marketlii.com/dashboard/product/236d35303638,القليوبية
21 ديسمبر 2023 | 02:28 صباحاً,Lo**,236d35313734,https://marketlii.com/dashboard/product/236d35313734,الشرقية
21 ديسمبر 2023 | 02:26 صباحاً,bou***,236d34393638,https://marketlii.com/dashboard/product/236d34393638,القاهرة
21 ديسمبر 2023 | 02:25 صباحاً,ma-0122*******,236d35313732,https://marketlii.com/dashboard/product/236d35313732,الاسكندرية
21 ديسمبر 2023 | 02:25 صباحاً,bou***,236d34393638,https://marketlii.com/dashboard/product/236d34393638,جنوب سينا
21 ديسمبر 2023 | 02:22 صباحاً,ma-0106*******,236d34393337,https://marketlii.com/dashboard/product/236d34393337,القاهرة
21 ديسمبر 2023 | 02:20 صباحاً,ma-0109*******,236d34393835,https://marketlii.com/dashboard/product/236d34393835,القاهرة
21 ديسمبر 2023 | 02:19 صباحاً,nahla******,236d35313936,https://marketlii.com/dashboard/product/236d35313936,الجيزة
21 ديسمبر 2023 | 02:18 صباحاً,ma-0103*******,236d35323134,https://marketlii.com/dashboard/product/236d35323134,القليوبية
21 ديسمبر 2023 | 02:17 صباحاً,ma-0111*******,236d34383638,https://marketlii.com/dashboard/product/236d34383638,دمياط
21 ديسمبر 2023 | 02:15 صباحاً,HossamA********,236d35323033,https://marketlii.com/dashboard/product/236d35323033,المنوفية
21 ديسمبر 2023 | 02:14 صباحاً,ma-0120*******,236d34383638,https://marketlii.com/dashboard/product/236d34383638,مطروح
21 ديسمبر 2023 | 02:14 صباحاً,HossamA********,236d35323033,https://marketlii.com/dashboard/product/236d35323033,القاهرة
21 ديسمبر 2023 | 02:09 صباحاً,ma-0102*******,236d34383837,https://marketlii.com/dashboard/product/236d34383837,الشرقية
21 ديسمبر 2023 | 02:08 صباحاً,ma-0109*******,236d34393835,https://marketlii.com/dashboard/product/236d34393835,الاسكندرية
21 ديسمبر 2023 | 02:07 صباحاً,ma-0100*******,236d35303635,https://marketlii.com/dashboard/product/236d35303635,السويس
21 ديسمبر 2023 | 02:07 صباحاً,ma-0100*******,236d35303835,https://marketlii.com/dashboard/product/236d35303835,الجيزة
21 ديسمبر 2023 | 02:06 صباحاً,ma-0102*******,236d34383837,https://marketlii.com/dashboard/product/236d34383837,قنا
21 ديسمبر 2023 | 02:05 صباحاً,ma-0102*******,236d34383837,https://marketlii.com/dashboard/product/236d34383837,البحر الاحمر
21 ديسمبر 2023 | 02:05 صباحاً,ma-0115*******,236d35313936,https://marketlii.com/dashboard/product/236d35313936,دمياط
21 ديسمبر 2023 | 02:04 صباحاً,ma-0103*******,236d35313732,https://marketlii.com/dashboard/product/236d35313732,الاسكندرية
21 ديسمبر 2023 | 01:53 صباحاً,ma-0102*******,236d34383837,https://marketlii.com/dashboard/product/236d34383837,الغربية
21 ديسمبر 2023 | 01:52 صباحاً,ma-0103*******,236d35323132,https://marketlii.com/dashboard/product/236d35323132,القاهرة
21 ديسمبر 2023 | 01:52 صباحاً,ma-0102*******,236d34383837,https://marketlii.com/dashboard/product/236d34383837,الدقهلية
21 ديسمبر 2023 | 01:51 صباحاً,ma-0111*******,236d35313935,https://marketlii.com/dashboard/product/236d35313935,القاهرة
21 ديسمبر 2023 | 01:50 صباحاً,ma-0102*******,236d34383837,https://marketlii.com/dashboard/product/236d34383837,دمياط
21 ديسمبر 2023 | 01:49 صباحاً,ma-0102*******,236d34383837,https://marketlii.com/dashboard/product/236d34383837,السويس
21 ديسمبر 2023 | 01:48 صباحاً,ma-0100*******,236d35303835,https://marketlii.com/dashboard/product/236d35303835,دمياط
21 ديسمبر 2023 | 01:47 صباحاً,ma-0102*******,236d34383837,https://marketlii.com/dashboard/product/236d34383837,الجيزة
21 ديسمبر 2023 | 01:46 صباحاً,ma-0106*******,236d35303534,https://marketlii.com/dashboard/product/236d35303534,الجيزة
21 ديسمبر 2023 | 01:46 صباحاً,ma-0100*******,236d35303835,https://marketlii.com/dashboard/product/236d35303835,الجيزة
21 ديسمبر 2023 | 01:45 صباحاً,ma-0102*******,236d34383837,https://marketlii.com/dashboard/product/236d34383837,الجيزة
21 ديسمبر 2023 | 01:44 صباحاً,ma-0106*******,236d35313936,https://marketlii.com/dashboard/product/236d35313936,القاهرة
21 ديسمبر 2023 | 01:43 صباحاً,ma-0102*******,236d34313836,https://marketlii.com/dashboard/product/236d34313836,الدقهلية
21 ديسمبر 2023 | 01:41 صباحاً,ma-112*******,236d35313830,https://marketlii.com/dashboard/product/236d35313830,الفيوم
